﻿--
-- Script was generated by Devart dbForge Studio for MySQL, Version 8.0.40.0
-- Product home page: http://www.devart.com/dbforge/mysql/studio
-- Script date 06/03/2021 11:11:35
-- Server version: 5.5.5-10.1.40-MariaDB
-- Client version: 4.1
--

-- 
-- Disable foreign keys
-- 
/*!40014 SET @OLD_FOREIGN_KEY_CHECKS=@@FOREIGN_KEY_CHECKS, FOREIGN_KEY_CHECKS=0 */;

-- 
-- Set SQL mode
-- 
/*!40101 SET @OLD_SQL_MODE=@@SQL_MODE, SQL_MODE='NO_AUTO_VALUE_ON_ZERO' */;

-- 
-- Set character set the client will use to send SQL statements to the server
--
SET NAMES 'utf8';

--
-- Set default database
--
DROP DATABASE IF EXISTS cavaliers;

CREATE DATABASE cavaliers;

USE cavaliers;

--
-- Drop table `contratos`
--
DROP TABLE IF EXISTS contratos;

--
-- Drop table `entrenan`
--
DROP TABLE IF EXISTS entrenan;

--
-- Drop table `involucran`
--
DROP TABLE IF EXISTS involucran;

--
-- Drop table `juegan`
--
DROP TABLE IF EXISTS juegan;

--
-- Drop table `nacionalidades`
--
DROP TABLE IF EXISTS nacionalidades;

--
-- Drop table `realizan_entrenos`
--
DROP TABLE IF EXISTS realizan_entrenos;

--
-- Drop table `jugadores`
--
DROP TABLE IF EXISTS jugadores;

--
-- Drop table `realizan_traspasos`
--
DROP TABLE IF EXISTS realizan_traspasos;

--
-- Drop table `traspasos`
--
DROP TABLE IF EXISTS traspasos;

--
-- Drop table `partidos`
--
DROP TABLE IF EXISTS partidos;

--
-- Drop table `nacionalidadesa`
--
DROP TABLE IF EXISTS nacionalidadesa;

--
-- Drop table `agentes_libres`
--
DROP TABLE IF EXISTS agentes_libres;

--
-- Drop table `num_telefonos`
--
DROP TABLE IF EXISTS num_telefonos;

--
-- Drop table `directivos`
--
DROP TABLE IF EXISTS directivos;

--
-- Drop table `entrenamientos`
--
DROP TABLE IF EXISTS entrenamientos;

--
-- Drop table `entrenadores`
--
DROP TABLE IF EXISTS entrenadores;

--
-- Set default database
--
USE cavaliers;

--
-- Create table `entrenadores`
--
CREATE TABLE entrenadores (
  cod_entrenador int(2) NOT NULL AUTO_INCREMENT,
  nombre varchar(30) DEFAULT NULL,
  apellidos varchar(30) DEFAULT NULL,
  cargo varchar(20) DEFAULT NULL,
  num_victorias int(3) DEFAULT NULL,
  num_derrotas int(3) DEFAULT NULL,
  PRIMARY KEY (cod_entrenador)
)
ENGINE = INNODB,
AUTO_INCREMENT = 8,
AVG_ROW_LENGTH = 2340,
CHARACTER SET latin1,
COLLATE latin1_swedish_ci;

--
-- Create table `entrenamientos`
--
CREATE TABLE entrenamientos (
  cod_entrenamiento int(2) NOT NULL AUTO_INCREMENT,
  fecha date DEFAULT NULL,
  duracion int(3) DEFAULT NULL,
  cod_entrenador int(2) DEFAULT NULL,
  PRIMARY KEY (cod_entrenamiento)
)
ENGINE = INNODB,
AUTO_INCREMENT = 5,
AVG_ROW_LENGTH = 4096,
CHARACTER SET latin1,
COLLATE latin1_swedish_ci;

--
-- Create foreign key
--
ALTER TABLE entrenamientos
ADD CONSTRAINT entrenamientos_ibfk_1 FOREIGN KEY (cod_entrenador)
REFERENCES entrenadores (cod_entrenador);

--
-- Create table `directivos`
--
CREATE TABLE directivos (
  cod_directivo int(2) NOT NULL AUTO_INCREMENT,
  nombre varchar(20) DEFAULT NULL,
  apellidos varchar(20) DEFAULT NULL,
  PRIMARY KEY (cod_directivo)
)
ENGINE = INNODB,
AUTO_INCREMENT = 5,
AVG_ROW_LENGTH = 4096,
CHARACTER SET latin1,
COLLATE latin1_swedish_ci;

--
-- Create table `num_telefonos`
--
CREATE TABLE num_telefonos (
  cod_telefono int(2) NOT NULL AUTO_INCREMENT,
  cod_directivo int(2) DEFAULT NULL,
  num_telefonos varchar(10) DEFAULT NULL,
  PRIMARY KEY (cod_telefono)
)
ENGINE = INNODB,
AUTO_INCREMENT = 5,
AVG_ROW_LENGTH = 4096,
CHARACTER SET latin1,
COLLATE latin1_swedish_ci;

--
-- Create foreign key
--
ALTER TABLE num_telefonos
ADD CONSTRAINT num_telefonos_ibfk_1 FOREIGN KEY (cod_directivo)
REFERENCES directivos (cod_directivo);

--
-- Create table `agentes_libres`
--
CREATE TABLE agentes_libres (
  cod_agente int(2) NOT NULL AUTO_INCREMENT,
  nombre varchar(20) DEFAULT NULL,
  apellidos varchar(20) DEFAULT NULL,
  altura int(3) DEFAULT NULL,
  envergadura int(3) DEFAULT NULL,
  puntos int(3) DEFAULT NULL,
  asistencias int(2) DEFAULT NULL,
  rebotes int(2) DEFAULT NULL,
  cod_directivo int(2) DEFAULT NULL,
  PRIMARY KEY (cod_agente)
)
ENGINE = INNODB,
AUTO_INCREMENT = 6,
CHARACTER SET latin1,
COLLATE latin1_swedish_ci;

--
-- Create foreign key
--
ALTER TABLE agentes_libres
ADD CONSTRAINT agentes_libres_ibfk_1 FOREIGN KEY (cod_directivo)
REFERENCES directivos (cod_directivo);

--
-- Create table `nacionalidadesa`
--
CREATE TABLE nacionalidadesa (
  cod_nacionalidada int(2) NOT NULL AUTO_INCREMENT,
  cod_agente int(2) DEFAULT NULL,
  nacionalidades varchar(20) DEFAULT NULL,
  PRIMARY KEY (cod_nacionalidada)
)
ENGINE = INNODB,
AUTO_INCREMENT = 3,
CHARACTER SET latin1,
COLLATE latin1_swedish_ci;

--
-- Create foreign key
--
ALTER TABLE nacionalidadesa
ADD CONSTRAINT nacionalidadesa_ibfk_1 FOREIGN KEY (cod_agente)
REFERENCES agentes_libres (cod_agente);

--
-- Create table `partidos`
--
CREATE TABLE partidos (
  cod_partido int(2) NOT NULL AUTO_INCREMENT,
  puntos_rivales int(3) DEFAULT NULL,
  puntos_nuestros int(3) DEFAULT NULL,
  nombre_rival varchar(25) DEFAULT NULL,
  PRIMARY KEY (cod_partido)
)
ENGINE = INNODB,
AUTO_INCREMENT = 6,
AVG_ROW_LENGTH = 16384,
CHARACTER SET latin1,
COLLATE latin1_swedish_ci;

--
-- Create table `traspasos`
--
CREATE TABLE traspasos (
  cod_traspaso int(2) NOT NULL AUTO_INCREMENT,
  fecha date DEFAULT NULL,
  PRIMARY KEY (cod_traspaso)
)
ENGINE = INNODB,
CHARACTER SET latin1,
COLLATE latin1_swedish_ci;

--
-- Create table `realizan_traspasos`
--
CREATE TABLE realizan_traspasos (
  cod int(2) NOT NULL AUTO_INCREMENT,
  cod_directivo int(2) DEFAULT NULL,
  cod_traspaso int(2) DEFAULT NULL,
  PRIMARY KEY (cod)
)
ENGINE = INNODB,
CHARACTER SET latin1,
COLLATE latin1_swedish_ci;

--
-- Create foreign key
--
ALTER TABLE realizan_traspasos
ADD CONSTRAINT realizan_traspasos_ibfk_1 FOREIGN KEY (cod_directivo)
REFERENCES directivos (cod_directivo);

--
-- Create foreign key
--
ALTER TABLE realizan_traspasos
ADD CONSTRAINT realizan_traspasos_ibfk_2 FOREIGN KEY (cod_traspaso)
REFERENCES traspasos (cod_traspaso);

--
-- Create table `jugadores`
--
CREATE TABLE jugadores (
  cod_jugador int(2) NOT NULL AUTO_INCREMENT,
  nombre varchar(30) DEFAULT NULL,
  apellidos varchar(30) DEFAULT NULL,
  lesion varchar(20) DEFAULT NULL,
  años_carrera int(2) DEFAULT NULL,
  puesto varchar(10) DEFAULT NULL,
  envergadura int(3) DEFAULT NULL,
  altura float(3, 2) DEFAULT NULL,
  numero int(2) DEFAULT NULL,
  PRIMARY KEY (cod_jugador)
)
ENGINE = INNODB,
AUTO_INCREMENT = 16,
AVG_ROW_LENGTH = 1092,
CHARACTER SET latin1,
COLLATE latin1_swedish_ci;

--
-- Create table `realizan_entrenos`
--
CREATE TABLE realizan_entrenos (
  cod_realizan int(2) NOT NULL AUTO_INCREMENT,
  cod_jugador int(2) DEFAULT NULL,
  cod_entrenamiento int(2) DEFAULT NULL,
  distancia_jugador int(2) DEFAULT NULL,
  calorias_jugador int(4) DEFAULT NULL,
  PRIMARY KEY (cod_realizan)
)
ENGINE = INNODB,
AUTO_INCREMENT = 16,
AVG_ROW_LENGTH = 1092,
CHARACTER SET latin1,
COLLATE latin1_swedish_ci;

--
-- Create foreign key
--
ALTER TABLE realizan_entrenos
ADD CONSTRAINT realizan_entrenos_ibfk_1 FOREIGN KEY (cod_jugador)
REFERENCES jugadores (cod_jugador);

--
-- Create foreign key
--
ALTER TABLE realizan_entrenos
ADD CONSTRAINT realizan_entrenos_ibfk_2 FOREIGN KEY (cod_entrenamiento)
REFERENCES entrenamientos (cod_entrenamiento);

--
-- Create table `nacionalidades`
--
CREATE TABLE nacionalidades (
  cod_nacionalidad int(2) NOT NULL AUTO_INCREMENT,
  cod_jugador int(2) DEFAULT NULL,
  nacionalidades varchar(20) DEFAULT NULL,
  PRIMARY KEY (cod_nacionalidad)
)
ENGINE = INNODB,
AUTO_INCREMENT = 16,
AVG_ROW_LENGTH = 1092,
CHARACTER SET latin1,
COLLATE latin1_swedish_ci;

--
-- Create foreign key
--
ALTER TABLE nacionalidades
ADD CONSTRAINT nacionalidades_ibfk_1 FOREIGN KEY (cod_jugador)
REFERENCES jugadores (cod_jugador);

--
-- Create table `juegan`
--
CREATE TABLE juegan (
  cod_juegan int(2) NOT NULL AUTO_INCREMENT,
  cod_jugador int(2) DEFAULT NULL,
  cod_partido int(2) DEFAULT NULL,
  puntos_jugador int(3) DEFAULT NULL,
  asistencias_jugador int(2) DEFAULT NULL,
  rebotes_jugador int(2) DEFAULT NULL,
  tiros_jugador int(3) DEFAULT NULL,
  aciertos_jugador int(3) DEFAULT NULL,
  t3_intentados int(3) DEFAULT NULL,
  t3_acertados int(3) DEFAULT NULL,
  minutos_jugador int(2) DEFAULT NULL,
  PRIMARY KEY (cod_juegan)
)
ENGINE = INNODB,
AUTO_INCREMENT = 16,
AVG_ROW_LENGTH = 1092,
CHARACTER SET latin1,
COLLATE latin1_swedish_ci;

--
-- Create foreign key
--
ALTER TABLE juegan
ADD CONSTRAINT juegan_ibfk_1 FOREIGN KEY (cod_jugador)
REFERENCES jugadores (cod_jugador);

--
-- Create foreign key
--
ALTER TABLE juegan
ADD CONSTRAINT juegan_ibfk_2 FOREIGN KEY (cod_partido)
REFERENCES partidos (cod_partido);

--
-- Create table `involucran`
--
CREATE TABLE involucran (
  cod_involucran int(2) NOT NULL AUTO_INCREMENT,
  cod_jugador int(2) DEFAULT NULL,
  cod_traspaso int(2) DEFAULT NULL,
  equipo_inicial varchar(30) DEFAULT NULL,
  equipo_final varchar(30) DEFAULT NULL,
  PRIMARY KEY (cod_involucran)
)
ENGINE = INNODB,
CHARACTER SET latin1,
COLLATE latin1_swedish_ci;

--
-- Create foreign key
--
ALTER TABLE involucran
ADD CONSTRAINT involucran_ibfk_1 FOREIGN KEY (cod_jugador)
REFERENCES jugadores (cod_jugador);

--
-- Create foreign key
--
ALTER TABLE involucran
ADD CONSTRAINT involucran_ibfk_2 FOREIGN KEY (cod_traspaso)
REFERENCES traspasos (cod_traspaso);

--
-- Create table `entrenan`
--
CREATE TABLE entrenan (
  cod_entrenan int(2) NOT NULL AUTO_INCREMENT,
  cod_entrenador int(2) DEFAULT NULL,
  cod_jugador int(2) DEFAULT NULL,
  PRIMARY KEY (cod_entrenan)
)
ENGINE = INNODB,
AUTO_INCREMENT = 16,
AVG_ROW_LENGTH = 1092,
CHARACTER SET latin1,
COLLATE latin1_swedish_ci;

--
-- Create foreign key
--
ALTER TABLE entrenan
ADD CONSTRAINT entrenan_ibfk_1 FOREIGN KEY (cod_entrenador)
REFERENCES entrenadores (cod_entrenador);

--
-- Create foreign key
--
ALTER TABLE entrenan
ADD CONSTRAINT entrenan_ibfk_2 FOREIGN KEY (cod_jugador)
REFERENCES jugadores (cod_jugador);

--
-- Create table `contratos`
--
CREATE TABLE contratos (
  cod_contrato int(2) NOT NULL AUTO_INCREMENT,
  salario int(10) DEFAULT NULL,
  opcion_jugador tinyint(1) DEFAULT 0,
  fecha_inicio date DEFAULT NULL,
  fecha_fin date DEFAULT NULL,
  clausula_antitraspaso tinyint(1) DEFAULT 0,
  cod_jugador int(2) DEFAULT NULL,
  PRIMARY KEY (cod_contrato)
)
ENGINE = INNODB,
AUTO_INCREMENT = 16,
AVG_ROW_LENGTH = 1092,
CHARACTER SET latin1,
COLLATE latin1_swedish_ci;

--
-- Create foreign key
--
ALTER TABLE contratos
ADD CONSTRAINT contratos_ibfk_1 FOREIGN KEY (cod_jugador)
REFERENCES jugadores (cod_jugador);

-- 
-- Dumping data for table entrenadores
--
INSERT INTO entrenadores VALUES
(1, 'J.B', 'Bickerstaff', 'Principal', 0, 0),
(2, 'Antonio', 'Lang', 'asistente', NULL, 0),
(3, 'Greg', 'Buckner', 'desarrollo', NULL, NULL),
(4, 'Dan', 'geriot', 'tiro', NULL, NULL),
(5, 'Lindsay', 'gottlieb', 'defensa', NULL, NULL),
(6, 'J.J', 'Otlaw', 'ataque', NULL, NULL),
(7, 'Mike', 'Gerrity', 'preparador', NULL, NULL);

-- 
-- Dumping data for table entrenamientos
--
INSERT INTO entrenamientos VALUES
(1, '2021-03-01', 120, 5),
(2, '2021-03-03', 120, 4),
(3, '2021-03-05', 120, 6),
(4, '2021-03-07', 120, 1);

-- 
-- Dumping data for table directivos
--
INSERT INTO directivos VALUES
(1, 'Dan', 'Gilbert'),
(2, 'Len', 'Komoroski'),
(3, 'Koby', 'Altman'),
(4, 'Nic', 'Barlage');

-- 
-- Dumping data for table agentes_libres
--
-- Table cavaliers.agentes_libres does not contain any data (it is empty)

-- 
-- Dumping data for table partidos
--
INSERT INTO partidos VALUES
(1, 120, 143, 'Lakers');

-- 
-- Dumping data for table traspasos
--
-- Table cavaliers.traspasos does not contain any data (it is empty)

-- 
-- Dumping data for table jugadores
--
INSERT INTO jugadores VALUES
(1, 'Darius', 'Garland', NULL, 1, 'BA', 198, 1.85, 10),
(2, 'Collin', 'Sexton', NULL, 2, 'ES', 199, 1.85, 2),
(3, 'Isaac', 'Okoro', NULL, 0, 'AL', 210, 1.96, 35),
(4, 'Kevin', 'Love', NULL, 12, 'AP', 212, 2.03, 0),
(5, 'Cedi', 'Osman', NULL, 3, 'AL', 185, 2.01, 16),
(6, 'Tauren', 'Prince', NULL, 4, 'AL', 186, 2.01, 12),
(7, 'Andre', 'Drummond', NULL, 8, 'P', 229, 2.11, 3),
(8, 'Jarret', 'Allen', NULL, 3, 'P', 227, 2.11, 31),
(9, 'Damyen', 'Dotson', NULL, 5, 'ES', 210, 1.96, 21),
(10, 'Larry', 'Nance jr', NULL, 12, 'AP', 217, 2.01, 22),
(11, 'JaVale', 'McGee', NULL, 0, 'P', 229, 2.13, 5),
(12, 'Lamar', 'Stevens', NULL, 1, 'AL', 213, 1.98, 8),
(13, 'Dean', 'Wade', NULL, 0, 'AP', 185, 2.06, 32),
(14, 'Dylan', 'Windler', NULL, 1, 'ES', 185, 1.98, 9),
(15, 'Marques', 'Bolden', NULL, 1, 'P', 225, 2.08, 24);

-- 
-- Dumping data for table realizan_traspasos
--
-- Table cavaliers.realizan_traspasos does not contain any data (it is empty)

-- 
-- Dumping data for table realizan_entrenos
--
INSERT INTO realizan_entrenos VALUES
(1, 1, 1, 20, 800),
(2, 2, 1, 15, 600),
(3, 3, 1, 20, 830),
(4, 4, 1, 30, 500),
(5, 5, 1, 50, 900),
(6, 6, 1, 25, 700),
(7, 7, 1, 25, 600),
(8, 8, 1, 19, 543),
(9, 9, 1, 32, 435),
(10, 10, 1, 21, 789),
(11, 11, 1, 22, 324),
(12, 12, 1, 21, 324),
(13, 13, 1, 16, 213),
(14, 14, 1, 14, 234),
(15, 15, 1, 12, 432);

-- 
-- Dumping data for table num_telefonos
--
INSERT INTO num_telefonos VALUES
(1, 1, '+198787656'),
(2, 2, '+198999767'),
(3, 3, '+195673223'),
(4, 4, '+196574432');

-- 
-- Dumping data for table nacionalidadesa
--
-- Table cavaliers.nacionalidadesa does not contain any data (it is empty)

-- 
-- Dumping data for table nacionalidades
--
INSERT INTO nacionalidades VALUES
(1, 1, 'Estados Unidos'),
(2, 2, 'Estados Unidos'),
(3, 3, 'Estados Unidos'),
(4, 4, 'Estados Unidos'),
(5, 5, 'Turkia'),
(6, 6, 'Estados Unidos'),
(7, 7, 'Estados Unidos'),
(8, 8, 'Estados Unidos'),
(9, 9, 'Estados Unidos'),
(10, 10, 'Estados Unidos'),
(11, 11, 'Estados Unidos'),
(12, 12, 'Estados Unidos'),
(13, 13, 'Estados Unidos'),
(14, 14, 'Estados Unidos'),
(15, 15, 'Estados Unidos');

-- 
-- Dumping data for table juegan
--
INSERT INTO juegan VALUES
(1, 1, 1, 15, 3, 2, 10, 7, 1, 0, 30),
(2, 2, 1, 20, 4, 2, 15, 10, 2, 0, 33),
(3, 3, 1, 5, 4, 4, 5, 2, 0, 0, 20),
(4, 4, 1, 10, 5, 10, 5, 2, 0, 0, 22),
(5, 5, 1, 20, 3, 10, 10, 7, 2, 2, 23),
(6, 6, 1, 26, 3, 5, 8, 8, 0, 0, 29),
(7, 7, 1, 8, 0, 5, 4, 2, 0, 0, 15),
(8, 8, 1, 9, 0, 7, 10, 3, 0, 0, 13),
(9, 9, 1, 10, 2, 2, 12, 4, 0, 0, 17),
(10, 10, 1, 6, 2, 2, 3, 3, 0, 0, 14),
(11, 11, 1, 8, 1, 0, 4, 4, 0, 0, 12),
(12, 12, 1, 2, 0, 0, 1, 1, 0, 0, 7),
(13, 13, 1, 2, 0, 2, 4, 1, 0, 0, 4),
(14, 14, 1, 1, 0, 2, 2, 1, 0, 0, 2),
(15, 15, 1, 1, 0, 1, 1, 1, 0, 0, 1);

-- 
-- Dumping data for table involucran
--
-- Table cavaliers.involucran does not contain any data (it is empty)

-- 
-- Dumping data for table entrenan
--
INSERT INTO entrenan VALUES
(1, 1, 1),
(2, 1, 2),
(3, 1, 3),
(4, 1, 4),
(5, 1, 5),
(6, 1, 6),
(7, 1, 7),
(8, 1, 8),
(9, 1, 9),
(10, 1, 10),
(11, 1, 11),
(12, 1, 12),
(13, 1, 13),
(14, 1, 14),
(15, 1, 15);

-- 
-- Dumping data for table contratos
--
INSERT INTO contratos VALUES
(1, 13000000, 0, '2020-03-17', '2023-08-22', 0, 1),
(2, 11000000, 0, '2019-08-22', '2023-05-01', 0, 2),
(3, 13000000, 0, '2020-03-22', '2023-10-05', 0, 3),
(4, 91000000, 0, '2020-04-21', '2023-04-13', 0, 4),
(5, 24000000, 0, '2019-07-18', '2024-01-30', 0, 5),
(6, 25000000, 0, '2019-10-19', '2024-05-10', 0, 6),
(7, 28000000, 0, '2019-10-31', '2023-10-12', 0, 7),
(8, 3000000, 0, '2019-07-19', '2022-10-11', 0, 8),
(9, 2000000, 0, '2019-08-03', '2023-04-30', 0, 9),
(10, 32000000, 0, '2020-01-20', '2024-02-22', 0, 10),
(11, 4000000, 0, '2019-10-13', '2024-01-18', 0, 11),
(12, 897000, 0, '2019-11-24', '2023-06-21', 0, 12),
(13, 1000000, 0, '2019-10-01', '2023-12-15', 0, 13),
(14, 4000000, 0, '2020-05-06', '2023-03-23', 0, 14),
(15, 1000000, 0, '2019-12-27', '2024-05-27', 0, 15);

-- 
-- Restore previous SQL mode
-- 
/*!40101 SET SQL_MODE=@OLD_SQL_MODE */;

-- 
-- Enable foreign keys
-- 
/*!40014 SET FOREIGN_KEY_CHECKS = @OLD_FOREIGN_KEY_CHECKS */;